{"0": {"x": -0.33199999999999996, "y": -0.472, "r": 0.048, "filename": "imgs/masked_1.png", "scale": 1.0}, "1": {"x": -0.46799999999999997, "y": -0.716, "r": 0.016, "filename": "imgs/masked_0.png", "scale": 1.0}, "2": {"x": -0.052000000000000046, "y": -0.03600000000000003, "r": 0.032, "filename": "imgs/masked_1.png", "scale": 1.0}, "3": {"x": 0.12400000000000011, "y": 0.6479999999999999, "r": 0.016, "filename": "imgs/masked_2.png", "scale": 1.0}, "4": {"x": -0.44399999999999995, "y": -0.596, "r": 0.032, "filename": "imgs/masked_0.png", "scale": 1.0}, "5": {"x": -0.248, "y": 0.04800000000000004, "r": 0.032, "filename": "imgs/masked_0.png", "scale": 1.0}, "6": {"x": 0.19199999999999995, "y": 0.696, "r": 0.016, "filename": "imgs/masked_2.png", "scale": 1.0}, "7": {"x": -0.0040000000000000036, "y": 0.08000000000000007, "r": 0.016, "filename": "imgs/masked_0.png", "scale": 1.0}, "8": {"x": 0.1399999999999999, "y": 0.28400000000000003, "r": 0.016, "filename": "imgs/masked_2.png", "scale": 1.0}, "9": {"x": 0.052000000000000046, "y": 0.32400000000000007, "r": 0.016, "filename": "imgs/masked_1.png", "scale": 1.0}, "10": {"x": 0.020000000000000018, "y": 0.6319999999999999, "r": 0.016, "filename": "imgs/masked_0.png", "scale": 1.0}, "11": {"x": -0.368, "y": -0.30400000000000005, "r": 0.016, "filename": "imgs/masked_0.png", "scale": 1.0}, "12": {"x": -0.15600000000000003, "y": -0.028000000000000025, "r": 0.016, "filename": "imgs/masked_2.png", "scale": 1.0}, "13": {"x": -0.124, "y": 0.040000000000000036, "r": 0.016, "filename": "imgs/masked_2.png", "scale": 1.0}, "14": {"x": -0.04800000000000004, "y": 0.6599999999999999, "r": 0.016, "filename": "imgs/masked_1.png", "scale": 1.0}, "15": {"x": 0.32000000000000006, "y": 0.4119999999999999, "r": 0.016, "filename": "imgs/masked_1.png", "scale": 1.0}, "16": {"x": 0.6759999999999999, "y": 0.784, "r": 0.016, "filename": "imgs/masked_1.png", "scale": 1.0}, "17": {"x": 0.29600000000000004, "y": 0.756, "r": 0.016, "filename": "imgs/masked_2.png", "scale": 1.0}, "18": {"x": -0.07999999999999996, "y": 0.08800000000000008, "r": 0.016, "filename": "imgs/masked_1.png", "scale": 1.0}, "19": {"x": -0.532, "y": -0.648, "r": 0.016, "filename": "imgs/masked_0.png", "scale": 1.0}, "20": {"x": -0.352, "y": -0.624, "r": 0.016, "filename": "imgs/masked_2.png", "scale": 1.0}, "21": {"x": -0.21999999999999997, "y": -0.07999999999999996, "r": 0.016, "filename": "imgs/masked_2.png", "scale": 1.0}, "22": {"x": 0.07600000000000007, "y": 0.02400000000000002, "r": 0.016, "filename": "imgs/masked_1.png", "scale": 1.0}, "23": {"x": -0.42400000000000004, "y": -0.78, "r": 0.016, "filename": "imgs/masked_1.png", "scale": 1.0}, "24": {"x": -0.32399999999999995, "y": 0.1120000000000001, "r": 0.016, "filename": "imgs/masked_1.png", "scale": 1.0}, "25": {"x": 0.45599999999999996, "y": 0.548, "r": 0.016, "filename": "imgs/masked_0.png", "scale": 1.0}, "26": {"x": -0.404, "y": -0.688, "r": 0.016, "filename": "imgs/masked_2.png", "scale": 1.0}, "27": {"x": -0.384, "y": 0.18799999999999994, "r": 0.016, "filename": "imgs/masked_2.png", "scale": 1.0}, "28": {"x": 0.30800000000000005, "y": 0.488, "r": 0.016, "filename": "imgs/masked_2.png", "scale": 1.0}, "29": {"x": -0.01200000000000001, "y": 0.44799999999999995, "r": 0.016, "filename": "imgs/masked_2.png", "scale": 1.0}, "30": {"x": 0.04400000000000004, "y": 0.26, "r": 0.016, "filename": "imgs/masked_2.png", "scale": 1.0}, "31": {"x": -0.43200000000000005, "y": -0.276, "r": 0.016, "filename": "imgs/masked_2.png", "scale": 1.0}, "32": {"x": -0.4, "y": -0.36, "r": 0.016, "filename": "imgs/masked_1.png", "scale": 1.0}, "33": {"x": -0.46399999999999997, "y": -0.42800000000000005, "r": 0.016, "filename": "imgs/masked_1.png", "scale": 1.0}, "34": {"x": -0.484, "y": -0.504, "r": 0.016, "filename": "imgs/masked_0.png", "scale": 1.0}, "35": {"x": -0.28400000000000003, "y": -0.604, "r": 0.016, "filename": "imgs/masked_1.png", "scale": 1.0}, "36": {"x": -0.04400000000000004, "y": 0.724, "r": 0.016, "filename": "imgs/masked_2.png", "scale": 1.0}, "37": {"x": -0.06399999999999995, "y": 0.21599999999999997, "r": 0.032, "filename": "imgs/masked_1.png", "scale": 1.0}, "38": {"x": -0.04800000000000004, "y": 0.3440000000000001, "r": 0.032, "filename": "imgs/masked_2.png", "scale": 1.0}, "39": {"x": -0.09999999999999998, "y": 0.43599999999999994, "r": 0.016, "filename": "imgs/masked_2.png", "scale": 1.0}, "40": {"x": -0.18799999999999994, "y": 0.15999999999999992, "r": 0.016, "filename": "imgs/masked_2.png", "scale": 1.0}, "41": {"x": -0.31599999999999995, "y": 0.18799999999999994, "r": 0.016, "filename": "imgs/masked_2.png", "scale": 1.0}, "42": {"x": -0.16000000000000003, "y": 0.09600000000000009, "r": 0.016, "filename": "imgs/masked_2.png", "scale": 1.0}, "43": {"x": -0.268, "y": 0.1439999999999999, "r": 0.016, "filename": "imgs/masked_1.png", "scale": 1.0}, "44": {"x": 0.05600000000000005, "y": 0.688, "r": 0.016, "filename": "imgs/masked_0.png", "scale": 1.0}, "45": {"x": -0.33199999999999996, "y": -0.692, "r": 0.016, "filename": "imgs/masked_2.png", "scale": 1.0}, "46": {"x": -0.244, "y": 0.21199999999999997, "r": 0.016, "filename": "imgs/masked_2.png", "scale": 1.0}, "47": {"x": -0.17200000000000004, "y": 0.22799999999999998, "r": 0.016, "filename": "imgs/masked_1.png", "scale": 1.0}, "48": {"x": -0.30400000000000005, "y": 0.256, "r": 0.016, "filename": "imgs/masked_2.png", "scale": 1.0}, "49": {"x": -0.128, "y": 0.74, "r": 0.016, "filename": "imgs/masked_1.png", "scale": 1.0}, "50": {"x": -0.24, "y": 0.28400000000000003, "r": 0.016, "filename": "imgs/masked_0.png", "scale": 1.0}, "51": {"x": -0.14, "y": 0.30400000000000005, "r": 0.016, "filename": "imgs/masked_1.png", "scale": 1.0}, "52": {"x": 0.6599999999999999, "y": 0.7, "r": 0.016, "filename": "imgs/masked_2.png", "scale": 1.0}, "53": {"x": 0.52, "y": 0.5880000000000001, "r": 0.016, "filename": "imgs/masked_0.png", "scale": 1.0}, "54": {"x": 0.6160000000000001, "y": 0.8200000000000001, "r": 0.016, "filename": "imgs/masked_1.png", "scale": 1.0}, "55": {"x": -0.248, "y": -0.24, "r": 0.032, "filename": "imgs/masked_1.png", "scale": 1.0}, "56": {"x": -0.268, "y": -0.344, "r": 0.016, "filename": "imgs/masked_1.png", "scale": 1.0}, "57": {"x": 0.43199999999999994, "y": 0.6080000000000001, "r": 0.016, "filename": "imgs/masked_2.png", "scale": 1.0}, "58": {"x": -0.6759999999999999, "y": -0.38, "r": 0.016, "filename": "imgs/masked_1.png", "scale": 1.0}, "59": {"x": 0.01200000000000001, "y": 0.78, "r": 0.016, "filename": "imgs/masked_1.png", "scale": 1.0}, "60": {"x": -0.19199999999999995, "y": -0.812, "r": 0.016, "filename": "imgs/masked_0.png", "scale": 1.0}, "61": {"x": -0.544, "y": -0.45199999999999996, "r": 0.016, "filename": "imgs/masked_0.png", "scale": 1.0}, "62": {"x": -0.616, "y": -0.41200000000000003, "r": 0.016, "filename": "imgs/masked_1.png", "scale": 1.0}, "63": {"x": -0.21599999999999997, "y": 0.6799999999999999, "r": 0.016, "filename": "imgs/masked_1.png", "scale": 1.0}, "64": {"x": -0.36, "y": -0.764, "r": 0.016, "filename": "imgs/masked_0.png", "scale": 1.0}, "65": {"x": -0.29600000000000004, "y": -0.8240000000000001, "r": 0.016, "filename": "imgs/masked_0.png", "scale": 1.0}, "66": {"x": -0.28, "y": -0.736, "r": 0.016, "filename": "imgs/masked_0.png", "scale": 1.0}, "67": {"x": -0.21199999999999997, "y": -0.6, "r": 0.016, "filename": "imgs/masked_0.png", "scale": 1.0}, "68": {"x": -0.18799999999999994, "y": -0.532, "r": 0.016, "filename": "imgs/masked_1.png", "scale": 1.0}, "69": {"x": -0.17200000000000004, "y": 0.4079999999999999, "r": 0.016, "filename": "imgs/masked_1.png", "scale": 1.0}, "70": {"x": -0.20399999999999996, "y": 0.3520000000000001, "r": 0.016, "filename": "imgs/masked_1.png", "scale": 1.0}, "71": {"x": 0.16399999999999992, "y": 0.46399999999999997, "r": 0.048, "filename": "imgs/masked_1.png", "scale": 1.0}, "72": {"x": 0.040000000000000036, "y": 0.508, "r": 0.016, "filename": "imgs/masked_2.png", "scale": 1.0},