{"0": {"x": -0.028000000000000025, "y": 0.028000000000000025, "r": 0.048, "r2": 0.064, "filename": "imgs/masked_0.png", "scale": 1.0}, "1": {"x": -0.14800000000000002, "y": 0.30800000000000005, "r": 0.048, "r2": 0.064, "filename": "imgs/masked_2.png", "scale": 1.0}, "2": {"x": -0.16000000000000003, "y": 0.02400000000000002, "r": 0.016, "r2": 0.032, "filename": "imgs/masked_1.png", "scale": 1.0}, "3": {"x": 0.15999999999999992, "y": 0.236, "r": 0.016, "r2": 0.032, "filename": "imgs/masked_0.png", "scale": 1.0}, "4": {"x": -0.020000000000000018, "y": 0.54, "r": 0.016, "r2": 0.032, "filename": "imgs/masked_0.png", "scale": 1.0}, "5": {"x": 0.26, "y": 0.496, "r": 0.016, "r2": 0.032, "filename": "imgs/masked_0.png", "scale": 1.0}, "6": {"x": -0.532, "y": -0.644, "r": 0.016, "r2": 0.032, "filename": "imgs/masked_1.png", "scale": 1.0}, "7": {"x": 0.264, "y": 0.3520000000000001, "r": 0.016, "r2": 0.032, "filename": "imgs/masked_0.png", "scale": 1.0}, "8": {"x": -0.15600000000000003, "y": -0.15200000000000002, "r": 0.016, "r2": 0.032, "filename": "imgs/masked_2.png", "scale": 1.0}, "9": {"x": 0.0, "y": 0.24, "r": 0.016, "r2": 0.032, "filename": "imgs/masked_0.png", "scale": 1.0}, "10": {"x": -0.22399999999999998, "y": 0.04800000000000004, "r": 0.016, "r2": 0.032, "filename": "imgs/masked_2.png", "scale": 1.0}, "11": {"x": 0.10000000000000009, "y": 0.09200000000000008, "r": 0.016, "r2": 0.032, "filename": "imgs/masked_2.png", "scale": 1.0}, "12": {"x": -0.22399999999999998, "y": -0.15200000000000002, "r": 0.016, "r2": 0.032, "filename": "imgs/masked_1.png", "scale": 1.0}, "13": {"x": -0.0040000000000000036, "y": 0.3839999999999999, "r": 0.016, "r2": 0.032, "filename": "imgs/masked_2.png", "scale": 1.0}, "14": {"x": 0.07600000000000007, "y": 0.32400000000000007, "r": 0.016, "r2": 0.032, "filename": "imgs/masked_1.png", "scale": 1.0}, "15": {"x": 0.28, "y": 0.732, "r": 0.016, "r2": 0.032, "filename": "imgs/masked_0.png", "scale": 1.0}, "16": {"x": 0.32800000000000007, "y": 0.3799999999999999, "r": 0.016, "r2": 0.032, "filename": "imgs/masked_2.png", "scale": 1.0}, "17": {"x": -0.08799999999999997, "y": 0.508, "r": 0.016, "r2": 0.032, "filename": "imgs/masked_0.png", "scale": 1.0}, "18": {"x": 0.21199999999999997, "y": 0.708, "r": 0.016, "r2": 0.032, "filename": "imgs/masked_0.png", "scale": 1.0}, "19": {"x": 0.22399999999999998, "y": 0.22399999999999998, "r": 0.016, "r2": 0.032, "filename": "imgs/masked_0.png", "scale": 1.0}, "20": {"x": 0.3959999999999999, "y": 0.45599999999999996, "r": 0.016, "r2": 0.032, "filename": "imgs/masked_1.png", "scale": 1.0}, "21": {"x": -0.368, "y": -0.19599999999999995, "r": 0.048, "r2": 0.064, "filename": "imgs/masked_0.png", "scale": 1.0}, "22": {"x": -0.30800000000000005, "y": 0.20399999999999996, "r": 0.016, "r2": 0.032, "filename": "imgs/masked_1.png", "scale": 1.0}, "23": {"x": -0.24, "y": -0.31200000000000006, "r": 0.016, "r2": 0.032, "filename": "imgs/masked_1.png", "scale": 1.0}, "24": {"x": -0.30800000000000005, "y": 0.06400000000000006, "r": 0.016, "r2": 0.032, "filename": "imgs/masked_0.png", "scale": 1.0}, "25": {"x": -0.396, "y": -0.628, "r": 0.048, "r2": 0.064, "filename": "imgs/masked_0.png", "scale": 1.0}, "26": {"x": -0.344, "y": -0.41600000000000004, "r": 0.016, "r2": 0.032, "filename": "imgs/masked_2.png", "scale": 1.0}, "27": {"x": -0.45599999999999996, "y": -0.42800000000000005, "r": 0.016, "r2": 0.032, "filename": "imgs/masked_2.png", "scale": 1.0}, "28": {"x": -0.252, "y": -0.44799999999999995, "r": 0.016, "r2": 0.032, "filename": "imgs/masked_0.png", "scale": 1.0}, "29": {"x": -0.52, "y": -0.43600000000000005, "r": 0.016, "r2": 0.032, "filename": "imgs/masked_0.png", "scale": 1.0}, "30": {"x": -0.33199999999999996, "y": -0.8200000000000001, "r": 0.016, "r2": 0.032, "filename": "imgs/masked_1.png", "scale": 1.0}, "31": {"x": -0.648, "y": -0.396, "r": 0.016, "r2": 0.032, "filename": "imgs/masked_2.png", "scale": 1.0}, "32": {"x": -0.5840000000000001, "y": -0.42000000000000004, "r": 0.016, "r2": 0.032, "filename": "imgs/masked_1.png", "scale": 1.0}, "33": {"x": -0.19999999999999996, "y": 0.6719999999999999, "r": 0.016, "r2": 0.032, "filename": "imgs/masked_2.png", "scale": 1.0}, "34": {"x": -0.11599999999999999, "y": 0.716, "r": 0.016, "r2": 0.032, "filename": "imgs/masked_1.png", "scale": 1.0}, "35": {"x": 0.008000000000000007, "y": 0.772, "r": 0.016, "r2": 0.032, "filename": "imgs/masked_0.png", "scale": 1.0}, "36": {"x": 0.6000000000000001, "y": 0.8160000000000001, "r": 0.016, "r2": 0.032, "filename": "imgs/masked_1.png", "scale": 1.0}, "37": {"x": 0.6839999999999999, "y": 0.78, "r": 0.016, "r2": 0.032, "filename": "imgs/masked_2.png", "scale": 1.0}, "38": {"x": 0.556, "y": 0.6240000000000001, "r": 0.016, "r2": 0.032, "filename": "imgs/masked_1.png", "scale": 1.0}, "39": {"x": 0.6200000000000001, "y": 0.6759999999999999, "r": 0.016, "r2": 0.032, "filename": "imgs/masked_0.png", "scale": 1.0}, "40": {"x": -0.392, "y": 0.016000000000000014, "r": 0.016, "r2": 0.032, "filename": "imgs/masked_2.png", "scale": 1.0}, "41": {"x": -0.46799999999999997, "y": 0.04400000000000004, "r": 0.016, "r2": 0.032, "filename": "imgs/masked_2.png", "scale": 1.0}, "42": {"x": -0.4, "y": 0.17599999999999993, "r": 0.016, "r2": 0.032, "filename": "imgs/masked_0.png", "scale": 1.0}, "43": {"x": 0.492, "y": 0.752, "r": 0.016, "r2": 0.032, "filename": "imgs/masked_2.png", "scale": 1.0}, "44": {"x": 0.48, "y": 0.6200000000000001, "r": 0.016, "r2": 0.032, "filename": "imgs/masked_1.png", "scale": 1.0}, "45": {"x": 0.4039999999999999, "y": 0.6599999999999999, "r": 0.016, "r2": 0.032, "filename": "imgs/masked_2.png", "scale": 1.0}, "46": {"x": 0.3400000000000001, "y": 0.5880000000000001, "r": 0.016, "r2": 0.032, "filename": "imgs/masked_1.png", "scale": 1.0}, "47": {"x": -0.19599999999999995, "y": -0.776, "r": 0.016, "r2": 0.032, "filename": "imgs/masked_0.png", "scale": 1.0}, "48": {"x": -0.248, "y": -0.5880000000000001, "r": 0.016, "r2": 0.032, "filename": "imgs/masked_2.png", "scale": 1.0}, "49": {"x": -0.264, "y": -0.736, "r": 0.016, "r2": 0.032, "filename": "imgs/masked_1.png", "scale": 1.0}, "50": {"x": -0.18000000000000005, "y": -0.632, "r": 0.016, "r2": 0.032, "filename": "imgs/masked_2.png", "scale": 1.0}, "51": {"x": 0.17999999999999994, "y": 0.42399999999999993, "r": 0.016, "r2": 0.032, "filename": "imgs/masked_2.png", "scale": 1.0}, "52": {"x": 0.1479999999999999, "y": 0.6719999999999999, "r": 0.016, "r2": 0.032, "filename": "imgs/masked_2.png", "scale": 1.0}, "53": {"x": 0.06800000000000006, "y": 0.516, "r": 0.016, "r2": 0.032, "filename": "imgs/masked_1.png", "scale": 1.0}, "54": {"x": 0.08000000000000007, "y": 0.6839999999999999, "r": 0.016, "r2": 0.032, "filename": "imgs/masked_0.png", "scale": 1.0}}